loc,total,count_less_10C,count_less_10C_percent,count_over_10C_percent,count_less_12C,count_less_12C_percent,count_over_12C_percent
Kingstown,28,0,0,100,5,17.857142857142858,82.14285714285714
Mt. Dowe,9542,4858,50.91175854118634,49.08824145881366,4905,51.4043177530916,48.5956822469084
Newholme,587,38,6.473594548551959,93.52640545144804,93,15.843270868824531,84.15672913117547
Point Lookout,10522,802,7.622125071279225,92.37787492872077,2699,25.651016916935944,74.34898308306406
Thora,556,1,0.17985611510791366,99.82014388489209,2,0.3597122302158273,99.64028776978417
Turretfield,7953.4282805453695,549.3541420122341,6.907136427645823,93.09286357235418,1447.443394744622,18.19898720008789,81.80101279991212
